Timestamp,Object,Confidence
2026-01-02 13:41:34,cup,0.9304165244102478
2026-01-02 13:41:34,laptop,0.8430581092834473
2026-01-02 13:41:34,cup,0.7967813014984131
2026-01-02 13:41:34,laptop,0.7508578300476074
2026-01-02 13:41:34,keyboard,0.5361257791519165
2026-01-02 13:41:34,cup,0.9314444661140442
2026-01-02 13:41:34,laptop,0.8300941586494446
2026-01-02 13:41:34,cup,0.8131288290023804
2026-01-02 13:41:34,laptop,0.7628408670425415
2026-01-02 13:41:34,keyboard,0.5000548362731934
2026-01-02 13:41:34,cup,0.9283785820007324
2026-01-02 13:41:34,cup,0.810370147228241
2026-01-02 13:41:34,laptop,0.8096826076507568
2026-01-02 13:41:34,laptop,0.7312463521957397
2026-01-02 13:41:34,keyboard,0.5037940740585327
2026-01-02 13:41:34,cup,0.9263811707496643
2026-01-02 13:41:34,cup,0.8103261590003967
2026-01-02 13:41:34,laptop,0.7633798718452454
2026-01-02 13:41:34,laptop,0.7159866690635681
2026-01-02 13:41:35,cup,0.922886848449707
2026-01-02 13:41:35,cup,0.8079497814178467
2026-01-02 13:41:35,laptop,0.7704124450683594
2026-01-02 13:41:35,laptop,0.7486162185668945
2026-01-02 13:41:35,cup,0.9194846153259277
2026-01-02 13:41:35,cup,0.797150731086731
2026-01-02 13:41:35,laptop,0.7840409874916077
2026-01-02 13:41:35,laptop,0.7339006066322327
2026-01-02 13:41:35,cup,0.9124889969825745
2026-01-02 13:41:35,laptop,0.804078221321106
2026-01-02 13:41:35,cup,0.7820140719413757
2026-01-02 13:41:35,laptop,0.6508058905601501
2026-01-02 13:41:35,cup,0.9212377667427063
2026-01-02 13:41:35,cup,0.7930114269256592
2026-01-02 13:41:35,laptop,0.7827098965644836
2026-01-02 13:41:35,laptop,0.6133317351341248
2026-01-02 13:41:35,cup,0.9302181005477905
2026-01-02 13:41:35,laptop,0.7481882572174072
2026-01-02 13:41:35,cup,0.723793625831604
2026-01-02 13:41:35,laptop,0.7221637964248657
2026-01-02 13:41:35,cup,0.9286389946937561
2026-01-02 13:41:35,laptop,0.7524275183677673
2026-01-02 13:41:35,cup,0.7272047400474548
2026-01-02 13:41:35,laptop,0.7043936252593994
2026-01-02 13:41:35,cup,0.9275218844413757
2026-01-02 13:41:35,laptop,0.7684506177902222
2026-01-02 13:41:35,cup,0.7431831955909729
2026-01-02 13:41:35,laptop,0.6664435863494873
2026-01-02 13:41:35,cup,0.9302213788032532
2026-01-02 13:41:35,laptop,0.76441490650177
2026-01-02 13:41:35,cup,0.715861976146698
2026-01-02 13:41:35,laptop,0.5757894515991211
2026-01-02 13:41:35,cup,0.9270592331886292
2026-01-02 13:41:35,laptop,0.7252156734466553
2026-01-02 13:41:35,laptop,0.6950563788414001
2026-01-02 13:41:35,cup,0.6892630457878113
2026-01-02 13:41:35,cup,0.9249985218048096
2026-01-02 13:41:35,laptop,0.7488474249839783
2026-01-02 13:41:35,laptop,0.7270130515098572
2026-01-02 13:41:35,cup,0.7105016112327576
2026-01-02 13:41:35,cup,0.9250956773757935
2026-01-02 13:41:35,laptop,0.7606574296951294
2026-01-02 13:41:35,cup,0.7272681593894958
2026-01-02 13:41:35,laptop,0.6892303824424744
2026-01-02 13:41:35,cup,0.9264142513275146
2026-01-02 13:41:35,laptop,0.7720897197723389
2026-01-02 13:41:35,cup,0.7286596894264221
2026-01-02 13:41:35,laptop,0.6867716908454895
2026-01-02 13:41:35,cup,0.9263747334480286
2026-01-02 13:41:35,laptop,0.7938243746757507
2026-01-02 13:41:35,cup,0.6830304265022278
2026-01-02 13:41:35,laptop,0.5578967928886414
2026-01-02 13:41:35,cup,0.926156222820282
2026-01-02 13:41:35,laptop,0.7902371287345886
2026-01-02 13:41:35,cup,0.6852285265922546
2026-01-02 13:41:35,laptop,0.5476424694061279
2026-01-02 13:41:36,cup,0.924409806728363
2026-01-02 13:41:36,laptop,0.8305028676986694
2026-01-02 13:41:36,cup,0.7142442464828491
2026-01-02 13:41:36,laptop,0.6022699475288391
2026-01-02 13:41:36,cup,0.9277691841125488
2026-01-02 13:41:36,laptop,0.8054771423339844
2026-01-02 13:41:36,cup,0.6914424300193787
2026-01-02 13:41:36,laptop,0.6408937573432922
2026-01-02 13:41:36,cup,0.9290581345558167
2026-01-02 13:41:36,laptop,0.7940019369125366
2026-01-02 13:41:36,cup,0.7159944176673889
2026-01-02 13:41:36,laptop,0.6261081695556641
2026-01-02 13:41:36,cup,0.9250628352165222
2026-01-02 13:41:36,laptop,0.8382904529571533
2026-01-02 13:41:36,cup,0.6903291344642639
2026-01-02 13:41:36,laptop,0.6653790473937988
2026-01-02 13:41:36,cup,0.9201158285140991
2026-01-02 13:41:36,laptop,0.8440042734146118
2026-01-02 13:41:36,cup,0.6738105416297913
2026-01-02 13:41:36,laptop,0.6491831541061401
2026-01-02 13:41:36,cup,0.908451497554779
2026-01-02 13:41:36,laptop,0.8541409969329834
2026-01-02 13:41:36,laptop,0.742148220539093
2026-01-02 13:41:36,cup,0.6613748669624329
2026-01-02 13:41:36,person,0.5652409195899963
2026-01-02 13:41:36,cup,0.9016328454017639
2026-01-02 13:41:36,laptop,0.8524242639541626
2026-01-02 13:41:36,laptop,0.7619025707244873
2026-01-02 13:41:36,cup,0.6852062344551086
2026-01-02 13:41:36,person,0.5598822832107544
2026-01-02 13:41:36,cup,0.9029778838157654
2026-01-02 13:41:36,laptop,0.8514361381530762
2026-01-02 13:41:36,laptop,0.8029680252075195
2026-01-02 13:41:36,person,0.683292031288147
2026-01-02 13:41:36,cup,0.6193822026252747
2026-01-02 13:41:36,cup,0.9045209288597107
2026-01-02 13:41:36,laptop,0.8761771321296692
2026-01-02 13:41:36,laptop,0.7439053058624268
2026-01-02 13:41:36,cup,0.6331927180290222
2026-01-02 13:41:36,person,0.5922801494598389
2026-01-02 13:41:36,cup,0.9101753830909729
2026-01-02 13:41:36,laptop,0.8534864187240601
2026-01-02 13:41:36,laptop,0.7614213824272156
2026-01-02 13:41:36,cup,0.5560360550880432
2026-01-02 13:41:36,cup,0.9102049469947815
2026-01-02 13:41:36,laptop,0.8569818139076233
2026-01-02 13:41:36,laptop,0.7918485999107361
2026-01-02 13:41:36,cup,0.562981903553009
2026-01-02 13:41:36,cup,0.9137699604034424
2026-01-02 13:41:36,laptop,0.8524714708328247
2026-01-02 13:41:36,laptop,0.7111164927482605
2026-01-02 13:41:36,keyboard,0.6586267352104187
2026-01-02 13:41:36,cup,0.5567126274108887
2026-01-02 13:41:36,cup,0.9141359329223633
2026-01-02 13:41:36,laptop,0.836722195148468
2026-01-02 13:41:36,keyboard,0.6863182187080383
2026-01-02 13:41:36,laptop,0.6206549406051636
2026-01-02 13:41:36,cup,0.5821791291236877
2026-01-02 13:41:36,cup,0.9191004037857056
2026-01-02 13:41:36,laptop,0.8324445486068726
2026-01-02 13:41:36,keyboard,0.6403613090515137
2026-01-02 13:41:36,laptop,0.617759108543396
2026-01-02 13:41:36,cup,0.5927155613899231
2026-01-02 13:41:37,cup,0.9231460690498352
2026-01-02 13:41:37,laptop,0.8511872291564941
2026-01-02 13:41:37,laptop,0.7199186086654663
2026-01-02 13:41:37,cup,0.6793110966682434
2026-01-02 13:41:37,keyboard,0.5764166712760925
2026-01-02 13:41:37,cup,0.9256059527397156
2026-01-02 13:41:37,laptop,0.8480237126350403
2026-01-02 13:41:37,laptop,0.7778523564338684
2026-01-02 13:41:37,keyboard,0.6116868853569031
2026-01-02 13:41:37,cup,0.5564919114112854
2026-01-02 13:41:37,cup,0.9273712038993835
2026-01-02 13:41:37,laptop,0.8554610013961792
2026-01-02 13:41:37,laptop,0.6734101176261902
2026-01-02 13:41:37,keyboard,0.6628826856613159
2026-01-02 13:41:37,cup,0.6041566729545593
2026-01-02 13:41:37,chair,0.5181280970573425
2026-01-02 13:41:37,cup,0.9291867613792419
2026-01-02 13:41:37,laptop,0.8617039918899536
2026-01-02 13:41:37,laptop,0.6764905452728271
2026-01-02 13:41:37,keyboard,0.6566962003707886
2026-01-02 13:41:37,chair,0.5525891780853271
2026-01-02 13:41:37,cup,0.5473154783248901
2026-01-02 13:41:37,cup,0.9311537742614746
2026-01-02 13:41:37,laptop,0.8598542213439941
2026-01-02 13:41:37,keyboard,0.6661815047264099
2026-01-02 13:41:37,laptop,0.6392508745193481
2026-01-02 13:41:37,cup,0.5538615584373474
2026-01-02 13:41:37,cup,0.9317882061004639
2026-01-02 13:41:37,laptop,0.853866696357727
2026-01-02 13:41:37,keyboard,0.6560314297676086
2026-01-02 13:41:37,laptop,0.6233452558517456
2026-01-02 13:41:37,cup,0.5791359543800354
2026-01-02 13:41:37,cup,0.9297332167625427
2026-01-02 13:41:37,laptop,0.8720401525497437
2026-01-02 13:41:37,laptop,0.6836369037628174
2026-01-02 13:41:37,keyboard,0.6687736511230469
2026-01-02 13:41:37,cup,0.6277257204055786
2026-01-02 13:41:37,cup,0.9288243651390076
2026-01-02 13:41:37,laptop,0.878933846950531
2026-01-02 13:41:37,laptop,0.7876773476600647
2026-01-02 13:41:37,keyboard,0.6760122179985046
2026-01-02 13:41:37,cup,0.5496211051940918
2026-01-02 13:41:37,cup,0.9225149750709534
2026-01-02 13:41:37,laptop,0.8676688075065613
2026-01-02 13:41:37,laptop,0.8119484782218933
2026-01-02 13:41:37,keyboard,0.6755105257034302
2026-01-02 13:41:37,cup,0.9219629764556885
2026-01-02 13:41:37,laptop,0.8616583943367004
2026-01-02 13:41:37,laptop,0.8053246736526489
2026-01-02 13:41:37,keyboard,0.6704481244087219
2026-01-02 13:41:37,person,0.5025705099105835
2026-01-02 13:41:37,cup,0.9148857593536377
2026-01-02 13:41:37,laptop,0.8650467991828918
2026-01-02 13:41:37,laptop,0.7726234197616577
2026-01-02 13:41:37,keyboard,0.6433811187744141
2026-01-02 13:41:37,cup,0.9135413765907288
2026-01-02 13:41:37,laptop,0.8617734313011169
2026-01-02 13:41:37,laptop,0.7479358315467834
2026-01-02 13:41:37,keyboard,0.6883562207221985
2026-01-02 13:41:37,cup,0.9098089933395386
2026-01-02 13:41:37,laptop,0.8725646138191223
2026-01-02 13:41:37,laptop,0.8019102215766907
2026-01-02 13:41:37,keyboard,0.6543669700622559
2026-01-02 13:41:37,cup,0.9087104201316833
2026-01-02 13:41:37,laptop,0.8715201616287231
2026-01-02 13:41:37,laptop,0.7481018304824829
2026-01-02 13:41:37,keyboard,0.6106019020080566
2026-01-02 13:41:38,cup,0.9076076149940491
2026-01-02 13:41:38,laptop,0.8770818710327148
2026-01-02 13:41:38,laptop,0.6422266960144043
2026-01-02 13:41:38,keyboard,0.5583248138427734
2026-01-02 13:41:38,cup,0.9065454602241516
2026-01-02 13:41:38,laptop,0.883253812789917
2026-01-02 13:41:38,laptop,0.6218742728233337
2026-01-02 13:41:38,keyboard,0.5064219832420349
2026-01-02 13:41:38,cup,0.9039586782455444
2026-01-02 13:41:38,laptop,0.8887737393379211
2026-01-02 13:41:38,laptop,0.5760276913642883
2026-01-02 13:41:38,cup,0.510033369064331
2026-01-02 13:41:38,cup,0.9038198590278625
2026-01-02 13:41:38,laptop,0.8901745676994324
2026-01-02 13:41:38,laptop,0.670824408531189
2026-01-02 13:41:38,cup,0.5667560696601868
2026-01-02 13:41:38,cup,0.901587963104248
2026-01-02 13:41:38,laptop,0.8890314102172852
2026-01-02 13:41:38,laptop,0.5820806622505188
2026-01-02 13:41:38,cup,0.5748712420463562
2026-01-02 13:41:38,cup,0.9048914313316345
2026-01-02 13:41:38,laptop,0.8859965801239014
2026-01-02 13:41:38,cup,0.6322337985038757
2026-01-02 13:41:38,cup,0.9033301472663879
2026-01-02 13:41:38,laptop,0.8836492896080017
2026-01-02 13:41:38,keyboard,0.5861893892288208
2026-01-02 13:41:38,cup,0.5848914384841919
2026-01-02 13:41:38,cup,0.9003915786743164
2026-01-02 13:41:38,laptop,0.8846012949943542
2026-01-02 13:41:38,cup,0.5692747831344604
2026-01-02 13:41:38,keyboard,0.5328590869903564
2026-01-02 13:41:38,cup,0.8971118927001953
2026-01-02 13:41:38,laptop,0.8830451369285583
2026-01-02 13:41:38,cup,0.627585768699646
2026-01-02 13:41:38,keyboard,0.5886800289154053
2026-01-02 13:41:38,cup,0.889301598072052
2026-01-02 13:41:38,laptop,0.8836361765861511
2026-01-02 13:41:38,cup,0.6438324451446533
2026-01-02 13:41:38,person,0.5531805753707886
2026-01-02 13:41:38,cup,0.8895078897476196
2026-01-02 13:41:38,laptop,0.8816472291946411
2026-01-02 13:41:38,cup,0.6466928720474243
2026-01-02 13:41:38,chair,0.526838481426239
2026-01-02 13:41:38,person,0.5196056365966797
2026-01-02 13:41:38,cup,0.8891894221305847
2026-01-02 13:41:38,laptop,0.881533145904541
2026-01-02 13:41:38,cup,0.6503803133964539
2026-01-02 13:41:38,person,0.5103829503059387
2026-01-02 13:41:38,cup,0.8961870670318604
2026-01-02 13:41:38,laptop,0.8874188661575317
2026-01-02 13:41:38,cup,0.6364025473594666
2026-01-02 13:41:38,chair,0.5187656879425049
2026-01-02 13:41:38,cup,0.8993650674819946
2026-01-02 13:41:38,laptop,0.8841200470924377
2026-01-02 13:41:38,cup,0.6477211117744446
2026-01-02 13:41:38,chair,0.5466228723526001
2026-01-02 13:41:38,laptop,0.532177209854126
2026-01-02 13:41:39,cup,0.8976958990097046
2026-01-02 13:41:39,laptop,0.8835822343826294
2026-01-02 13:41:39,cup,0.6617660522460938
2026-01-02 13:41:39,chair,0.5493599772453308
2026-01-02 13:41:39,laptop,0.5283315777778625
2026-01-02 13:41:39,cup,0.8909668326377869
2026-01-02 13:41:39,laptop,0.8837647438049316
2026-01-02 13:41:39,cup,0.6338770985603333
2026-01-02 13:41:39,laptop,0.5182806849479675
2026-01-02 13:41:39,cup,0.8862962126731873
2026-01-02 13:41:39,laptop,0.8808892369270325
2026-01-02 13:41:39,cup,0.596347451210022
2026-01-02 13:41:39,chair,0.5224523544311523
2026-01-02 13:41:39,laptop,0.51239013671875
2026-01-02 13:41:39,cup,0.8913044929504395
2026-01-02 13:41:39,laptop,0.8709234595298767
2026-01-02 13:41:39,cup,0.6048513650894165
2026-01-02 13:41:39,laptop,0.5088248252868652
2026-01-02 13:41:39,cup,0.8901774287223816
2026-01-02 13:41:39,laptop,0.8755434155464172
2026-01-02 13:41:39,laptop,0.6170757412910461
2026-01-02 13:41:39,cup,0.5914396643638611
2026-01-02 13:41:39,cup,0.8982285261154175
2026-01-02 13:41:39,laptop,0.8766301274299622
2026-01-02 13:41:39,laptop,0.6494354605674744
2026-01-02 13:41:39,cup,0.5386404395103455
2026-01-02 13:41:39,cup,0.8953006267547607
2026-01-02 13:41:39,laptop,0.8787840604782104
2026-01-02 13:41:39,laptop,0.660615086555481
2026-01-02 13:41:39,cup,0.8963463306427002
2026-01-02 13:41:39,laptop,0.8743258118629456
2026-01-02 13:41:39,laptop,0.5551900863647461
2026-01-02 13:41:39,cup,0.9020600318908691
2026-01-02 13:41:39,laptop,0.8685520887374878
2026-01-02 13:41:39,laptop,0.5658513307571411
2026-01-02 13:41:39,cup,0.9044474363327026
2026-01-02 13:41:39,laptop,0.8792361617088318
2026-01-02 13:41:39,cup,0.5484445691108704
2026-01-02 13:41:39,laptop,0.542695164680481
2026-01-02 13:41:39,cup,0.9068496227264404
2026-01-02 13:41:39,laptop,0.8767970204353333
2026-01-02 13:41:39,laptop,0.6221178770065308
2026-01-02 13:41:39,cup,0.5780206918716431
2026-01-02 13:41:39,cup,0.9102820158004761
2026-01-02 13:41:39,laptop,0.8903566598892212
2026-01-02 13:41:39,cup,0.6416422724723816
2026-01-02 13:41:39,laptop,0.5287222862243652
2026-01-02 13:41:39,cup,0.911705732345581
2026-01-02 13:41:39,laptop,0.887050449848175
2026-01-02 13:41:39,mouse,0.7431620359420776
2026-01-02 13:41:39,cup,0.6967394351959229
2026-01-02 13:41:39,laptop,0.548367977142334
2026-01-02 13:41:39,chair,0.5064935088157654
2026-01-02 13:41:39,cup,0.9051228761672974
2026-01-02 13:41:39,laptop,0.8740382790565491
2026-01-02 13:41:39,cup,0.7241614460945129
2026-01-02 13:41:39,mouse,0.622929573059082
2026-01-02 13:41:39,cup,0.9039117097854614
2026-01-02 13:41:39,laptop,0.8902379870414734
2026-01-02 13:41:39,cup,0.7413117289543152
2026-01-02 13:41:39,laptop,0.6544316411018372
2026-01-02 13:41:39,chair,0.5511982440948486
2026-01-02 13:41:39,mouse,0.5297532677650452
2026-01-02 13:41:40,cup,0.9022887349128723
2026-01-02 13:41:40,laptop,0.8794193267822266
2026-01-02 13:41:40,cup,0.7461288571357727
2026-01-02 13:41:40,laptop,0.6768458485603333
2026-01-02 13:41:40,chair,0.5346887707710266
2026-01-02 13:41:40,cup,0.8954064249992371
2026-01-02 13:41:40,laptop,0.8677093982696533
2026-01-02 13:41:40,cup,0.677905261516571
2026-01-02 13:41:40,laptop,0.6115149855613708
2026-01-02 13:41:40,cup,0.8921194672584534
2026-01-02 13:41:40,laptop,0.86052006483078
2026-01-02 13:41:40,cup,0.6018108129501343
2026-01-02 13:41:40,cup,0.8811144828796387
2026-01-02 13:41:40,laptop,0.8502457141876221
2026-01-02 13:41:40,cup,0.5470190048217773
2026-01-02 13:41:40,cup,0.8794822096824646
2026-01-02 13:41:40,laptop,0.854989230632782
2026-01-02 13:41:40,laptop,0.5502723455429077
2026-01-02 13:41:40,cup,0.533285915851593
2026-01-02 13:41:40,cup,0.8686478734016418
2026-01-02 13:41:40,laptop,0.845454752445221
2026-01-02 13:41:40,laptop,0.6391251087188721
2026-01-02 13:41:40,cup,0.5719826817512512
2026-01-02 13:41:40,cup,0.8649616837501526
2026-01-02 13:41:40,laptop,0.8403770923614502
2026-01-02 13:41:40,laptop,0.6271350979804993
2026-01-02 13:41:40,cup,0.5480952858924866
2026-01-02 13:41:40,cup,0.854278028011322
2026-01-02 13:41:40,laptop,0.8252089023590088
2026-01-02 13:41:40,laptop,0.6363428235054016
2026-01-02 13:41:40,cup,0.8767853379249573
2026-01-02 13:41:40,laptop,0.8043297529220581
2026-01-02 13:41:40,laptop,0.7141857147216797
2026-01-02 13:41:40,cup,0.8941017389297485
2026-01-02 13:41:40,laptop,0.816830575466156
2026-01-02 13:41:40,laptop,0.7101849913597107
2026-01-02 13:41:40,cup,0.5011221766471863
2026-01-02 13:41:40,cup,0.9052025079727173
2026-01-02 13:41:40,laptop,0.8133374452590942
2026-01-02 13:41:40,laptop,0.7409225106239319
2026-01-02 13:41:40,cup,0.5699267983436584
2026-01-02 13:41:40,cup,0.9083767533302307
2026-01-02 13:41:40,laptop,0.8141836524009705
2026-01-02 13:41:40,laptop,0.7394844889640808
2026-01-02 13:41:40,cup,0.5660640001296997
2026-01-02 13:41:40,cup,0.9038172364234924
2026-01-02 13:41:40,laptop,0.8262731432914734
2026-01-02 13:41:40,laptop,0.7661787271499634
2026-01-02 13:41:40,cup,0.5480335354804993
2026-01-02 13:41:40,cup,0.9115012884140015
2026-01-02 13:41:40,laptop,0.8148002028465271
2026-01-02 13:41:40,laptop,0.744903028011322
2026-01-02 13:41:41,cup,0.9133678674697876
2026-01-02 13:41:41,laptop,0.8152340054512024
2026-01-02 13:41:41,laptop,0.7581498026847839
2026-01-02 13:41:41,cup,0.9152114987373352
2026-01-02 13:41:41,laptop,0.809644341468811
2026-01-02 13:41:41,laptop,0.8006153106689453
2026-01-02 13:41:41,cup,0.9142637848854065
2026-01-02 13:41:41,laptop,0.8246980309486389
2026-01-02 13:41:41,laptop,0.7837910652160645
2026-01-02 13:41:41,cup,0.562311053276062
2026-01-02 13:41:41,cup,0.919304609298706
2026-01-02 13:41:41,laptop,0.8158181309700012
2026-01-02 13:41:41,laptop,0.7617396712303162
2026-01-02 13:41:41,cup,0.6358173489570618
2026-01-02 13:41:41,cup,0.9209184646606445
2026-01-02 13:41:41,laptop,0.8236067891120911
2026-01-02 13:41:41,laptop,0.7502221465110779
2026-01-02 13:41:41,cup,0.7116473317146301
2026-01-02 13:41:41,cup,0.9223132133483887
2026-01-02 13:41:41,laptop,0.8294557929039001
2026-01-02 13:41:41,laptop,0.7112976908683777
2026-01-02 13:41:41,cup,0.6832526922225952
2026-01-02 13:41:41,cup,0.9249255657196045
2026-01-02 13:41:41,laptop,0.8209162950515747
2026-01-02 13:41:41,laptop,0.7324205040931702
2026-01-02 13:41:41,cup,0.6771705746650696
2026-01-02 13:41:41,person,0.5323354601860046
2026-01-02 13:41:41,cup,0.9252455830574036
2026-01-02 13:41:41,laptop,0.8405620455741882
2026-01-02 13:41:41,laptop,0.7427196502685547
2026-01-02 13:41:41,cup,0.6199758052825928
2026-01-02 13:41:41,keyboard,0.5213404297828674
2026-01-02 13:41:41,person,0.5163111686706543
2026-01-02 13:41:41,cup,0.9116376638412476
2026-01-02 13:41:41,laptop,0.8431253433227539
2026-01-02 13:41:41,laptop,0.7504377365112305
2026-01-02 13:41:41,cup,0.6512166261672974
2026-01-02 13:41:41,person,0.5604550242424011
2026-01-02 13:41:41,cup,0.9091262221336365
2026-01-02 13:41:41,laptop,0.8601312637329102
2026-01-02 13:41:41,laptop,0.7728911638259888
2026-01-02 13:41:41,cup,0.6759962439537048
2026-01-02 13:41:41,cup,0.9092006683349609
2026-01-02 13:41:41,laptop,0.8653936982154846
2026-01-02 13:41:41,laptop,0.8043715357780457
2026-01-02 13:41:41,cup,0.6407939791679382
2026-01-02 13:41:41,person,0.5311163067817688
2026-01-02 13:41:41,cup,0.8965407013893127
2026-01-02 13:41:41,laptop,0.8641204237937927
2026-01-02 13:41:41,laptop,0.7700542211532593
2026-01-02 13:41:41,cup,0.5044956803321838
2026-01-02 13:41:41,cup,0.9087398648262024
2026-01-02 13:41:41,laptop,0.8608573079109192
2026-01-02 13:41:41,laptop,0.7508313059806824
2026-01-02 13:41:41,cup,0.5632463097572327
2026-01-02 13:41:41,cup,0.9090432524681091
2026-01-02 13:41:41,laptop,0.8684857487678528
2026-01-02 13:41:41,laptop,0.7564608454704285
2026-01-02 13:41:41,cup,0.6156389713287354
2026-01-02 13:41:41,person,0.5522783398628235
2026-01-02 13:41:42,cup,0.9194382429122925
2026-01-02 13:41:42,laptop,0.8691930174827576
2026-01-02 13:41:42,laptop,0.6993230581283569
2026-01-02 13:41:42,cup,0.6454607844352722
2026-01-02 13:41:42,person,0.6338803768157959
2026-01-02 13:41:42,cup,0.9173901677131653
2026-01-02 13:41:42,laptop,0.8570748567581177
2026-01-02 13:41:42,laptop,0.7895804643630981
2026-01-02 13:41:42,cup,0.5992189049720764
2026-01-02 13:41:42,person,0.5986733436584473
2026-01-02 13:41:42,cup,0.916866660118103
2026-01-02 13:41:42,laptop,0.8573544025421143
2026-01-02 13:41:42,laptop,0.7743394374847412
2026-01-02 13:41:42,person,0.7057250142097473
2026-01-02 13:41:42,cup,0.6038644313812256
2026-01-02 13:41:42,cup,0.9214094281196594
2026-01-02 13:41:42,laptop,0.8517535924911499
2026-01-02 13:41:42,laptop,0.7030142545700073
2026-01-02 13:41:42,cup,0.6480725407600403
2026-01-02 13:41:42,person,0.5554003119468689
2026-01-02 13:41:42,cup,0.9194358587265015
2026-01-02 13:41:42,laptop,0.8460104465484619
2026-01-02 13:41:42,person,0.6914150714874268
2026-01-02 13:41:42,laptop,0.6898960471153259
2026-01-02 13:41:42,cup,0.6237952709197998
2026-01-02 13:41:42,cup,0.9170928001403809
2026-01-02 13:41:42,laptop,0.8538962602615356
2026-01-02 13:41:42,laptop,0.7331529259681702
2026-01-02 13:41:42,person,0.660881519317627
2026-01-02 13:41:42,cup,0.6037181615829468
2026-01-02 13:41:42,cup,0.9140516519546509
2026-01-02 13:41:42,laptop,0.8473844528198242
2026-01-02 13:41:42,laptop,0.7043312788009644
2026-01-02 13:41:42,person,0.6309964656829834
2026-01-02 13:41:42,cup,0.5934820771217346
2026-01-02 13:41:42,cup,0.9096693992614746
2026-01-02 13:41:42,laptop,0.8444223999977112
2026-01-02 13:41:42,laptop,0.7002140283584595
2026-01-02 13:41:42,person,0.593671441078186
2026-01-02 13:41:42,cup,0.5860407948493958
2026-01-02 13:41:42,cup,0.9092876315116882
2026-01-02 13:41:42,laptop,0.843972384929657
2026-01-02 13:41:42,laptop,0.7077667117118835
2026-01-02 13:41:42,cup,0.6179198622703552
2026-01-02 13:41:42,cup,0.9059206247329712
2026-01-02 13:41:42,laptop,0.840947687625885
2026-01-02 13:41:42,laptop,0.729810357093811
2026-01-02 13:41:42,cup,0.6120729446411133
2026-01-02 13:41:42,person,0.5654245615005493
2026-01-02 13:41:42,cup,0.9063374996185303
2026-01-02 13:41:42,laptop,0.8185524344444275
2026-01-02 13:41:42,laptop,0.7113806009292603
2026-01-02 13:41:42,cup,0.5981979966163635
2026-01-02 13:41:42,cup,0.9114775657653809
2026-01-02 13:41:42,laptop,0.8293167948722839
2026-01-02 13:41:42,laptop,0.6825372576713562
2026-01-02 13:41:42,cup,0.5922176837921143
2026-01-02 13:41:42,cup,0.911456823348999
2026-01-02 13:41:42,laptop,0.835923433303833
2026-01-02 13:41:42,laptop,0.6960024833679199
2026-01-02 13:41:42,cup,0.6141101121902466
2026-01-02 13:41:42,cup,0.912178635597229
2026-01-02 13:41:42,laptop,0.8453021049499512
2026-01-02 13:41:42,laptop,0.6888712048530579
2026-01-02 13:41:42,cup,0.6144940257072449
2026-01-02 13:41:42,cup,0.9007774591445923
2026-01-02 13:41:42,laptop,0.8489537835121155
2026-01-02 13:41:42,laptop,0.626477062702179
2026-01-02 13:41:42,cup,0.5406405925750732
2026-01-02 13:41:43,cup,0.9004247188568115
2026-01-02 13:41:43,laptop,0.8430027365684509
2026-01-02 13:41:43,laptop,0.6334231495857239
2026-01-02 13:41:43,cup,0.5529135465621948
2026-01-02 13:41:43,cup,0.8957383036613464
2026-01-02 13:41:43,laptop,0.8408917784690857
2026-01-02 13:41:43,laptop,0.645922839641571
2026-01-02 13:41:43,cup,0.534004271030426
2026-01-02 13:41:43,person,0.509831428527832
2026-01-02 13:41:43,cup,0.8839437365531921
2026-01-02 13:41:43,laptop,0.831713080406189
2026-01-02 13:41:43,laptop,0.7029454708099365
2026-01-02 13:41:43,cup,0.8679143786430359
2026-01-02 13:41:43,laptop,0.8225795030593872
2026-01-02 13:41:43,laptop,0.59773188829422
2026-01-02 13:41:43,cup,0.5112678408622742
2026-01-02 13:41:43,cup,0.8681150674819946
2026-01-02 13:41:43,laptop,0.8314157724380493
2026-01-02 13:41:43,laptop,0.7122615575790405
2026-01-02 13:41:43,cup,0.5302771329879761
2026-01-02 13:41:43,cup,0.8577337265014648
2026-01-02 13:41:43,laptop,0.8221824169158936
2026-01-02 13:41:43,laptop,0.6692354083061218
2026-01-02 13:41:43,cup,0.6013137698173523
2026-01-02 13:41:43,person,0.594068169593811
2026-01-02 13:41:43,cup,0.8726626038551331
2026-01-02 13:41:43,laptop,0.8034318685531616
2026-01-02 13:41:43,cup,0.6559106111526489
2026-01-02 13:41:43,laptop,0.6221200227737427
2026-01-02 13:41:43,person,0.574627697467804
2026-01-02 13:41:43,cup,0.8714828491210938
2026-01-02 13:41:43,laptop,0.7851575613021851
2026-01-02 13:41:43,cup,0.6568658351898193
2026-01-02 13:41:43,laptop,0.6162769198417664
2026-01-02 13:41:43,person,0.5226176381111145
2026-01-02 13:41:43,cup,0.8684583306312561
2026-01-02 13:41:43,laptop,0.7761509418487549
2026-01-02 13:41:43,laptop,0.6508426070213318
2026-01-02 13:41:43,cup,0.6445278525352478
2026-01-02 13:41:43,person,0.5493766069412231
2026-01-02 13:41:43,cup,0.882445752620697
2026-01-02 13:41:43,laptop,0.7798266410827637
2026-01-02 13:41:43,cup,0.7117379903793335
2026-01-02 13:41:43,laptop,0.6281248331069946
2026-01-02 13:41:43,person,0.6007394194602966
2026-01-02 13:41:43,cup,0.8945403099060059
2026-01-02 13:41:43,laptop,0.7762167453765869
2026-01-02 13:41:43,cup,0.6759177446365356
2026-01-02 13:41:43,laptop,0.5787317752838135
2026-01-02 13:41:43,person,0.5527097582817078
2026-01-02 13:41:43,cup,0.8869702219963074
2026-01-02 13:41:43,laptop,0.7609454393386841
2026-01-02 13:41:43,laptop,0.5678715109825134
2026-01-02 13:41:43,cup,0.5556694865226746
2026-01-02 13:41:43,cup,0.8700680732727051
2026-01-02 13:41:43,laptop,0.7788244485855103
2026-01-02 13:41:43,cup,0.5449575781822205
2026-01-02 13:41:43,laptop,0.523500919342041
2026-01-02 13:41:43,cup,0.8875120878219604
2026-01-02 13:41:43,laptop,0.8112120628356934
2026-01-02 13:41:43,cup,0.5597834587097168
2026-01-02 13:41:44,cup,0.8880861401557922
2026-01-02 13:41:44,laptop,0.8449934720993042
2026-01-02 13:41:44,laptop,0.5543215274810791
2026-01-02 13:41:44,cup,0.8792588710784912
2026-01-02 13:41:44,laptop,0.8586190938949585
2026-01-02 13:41:44,laptop,0.5441150665283203
